,EventTime,Origin,Destination
1,1994.0383160000001,Europa,OtherLocations
11,2007.0383160000001,Europa,OtherLocations
17,2015.038336,Europa,OtherLocations
24,2013.038326,Europa,OtherLocations
25,2012.0382160000001,Europa,OtherLocations
27,2018.0383160000001,Europa,OtherLocations
28,2015.038326,Europa,OtherLocations
29,2010.038326,Europa,OtherLocations
30,1978.722776,Europa,OtherLocations
32,2014.0383160000001,Europa,OtherLocations
35,1960.477356,Europa,OtherLocations
36,2004.219706,OtherLocations,Europa
37,2003.038326,OtherLocations,Europa
38,2013.038326,OtherLocations,Europa
41,2017.038326,OtherLocations,NordesteBR
42,1994.741796,OtherLocations,SulBR
43,2002.884686,SulBR,SudesteBR
44,2002.038326,OtherLocations,Europa
47,2013.0383160000001,OtherLocations,Europa
48,2015.0383160000001,OtherLocations,Bahia
50,2006.0383160000001,OtherLocations,Europa
51,2004.0382060000002,OtherLocations,Europa
52,2014.038326,Europa,OtherLocations
54,2012.0382260000001,Europa,OtherLocations
56,2013.038336,Europa,OtherLocations
71,2010.038326,Europa,OtherLocations
74,1958.092266,Europa,OtherLocations
76,2017.038326,OtherLocations,Bahia
77,2003.038326,OtherLocations,Europa
78,1999.038326,OtherLocations,Europa
81,2003.038326,OtherLocations,Europa
82,2009.038326,OtherLocations,Europa
83,2012.0382160000001,OtherLocations,Europa
84,2005.038326,OtherLocations,Europa
85,2005.038326,OtherLocations,Europa
87,1976.818766,OtherLocations,Europa
89,2002.038336,OtherLocations,Europa
90,1966.667766,OtherLocations,Europa
91,2007.038346,Europa,OtherLocations
92,1959.184686,OtherLocations,SudesteBR
93,2017.038326,SudesteBR,SulBR
94,2015.038336,SudesteBR,Europa
95,1998.038336,SudesteBR,Europa
96,2015.038346,SudesteBR,SulBR
97,2016.0382160000001,SudesteBR,NordesteBR
98,2016.0382260000001,SudesteBR,SulBR
99,2017.038336,SudesteBR,CentroOesteBR
100,1997.7881260000001,SudesteBR,Bahia
101,2018.038326,SudesteBR,Europa
102,2013.038336,SudesteBR,Europa
103,2008.0382260000001,SudesteBR,OtherLocations
104,1972.3729460000002,SudesteBR,CentroOesteBR
105,2015.038336,CentroOesteBR,SudesteBR
106,2015.038336,CentroOesteBR,NorteBR
107,2015.038336,CentroOesteBR,NorteBR
108,2016.0382260000001,CentroOesteBR,NordesteBR
109,2017.038336,CentroOesteBR,NorteBR
110,1975.685946,SudesteBR,SulBR
111,2004.9369960000001,SulBR,CentroOesteBR
112,2017.038326,SulBR,SudesteBR
113,2014.038326,SulBR,SudesteBR
114,1995.1369260000001,SulBR,NordesteBR
115,2017.038326,NordesteBR,CentroOesteBR
116,2017.038336,SudesteBR,SulBR
117,2002.163006,SudesteBR,CentroOesteBR
118,1981.215576,SudesteBR,SulBR
119,2015.038336,SulBR,SudesteBR
120,2016.0382260000001,SulBR,NorteBR
121,2016.0382260000001,SulBR,NorteBR
122,1970.1502260000002,SudesteBR,SulBR
123,1987.756286,SulBR,SudesteBR
124,2003.038336,SudesteBR,Europa
125,2016.0382260000001,SudesteBR,SulBR
126,2017.038336,SudesteBR,CentroOesteBR
127,1970.487986,SudesteBR,NorteBR
128,2015.038336,NorteBR,SulBR
129,2017.038336,NorteBR,SudesteBR
130,2017.038326,NorteBR,OtherLocations
131,2006.038326,NorteBR,OtherLocations
132,2016.0382260000001,NorteBR,SudesteBR
133,2015.038336,SudesteBR,NordesteBR
134,1989.132926,SudesteBR,CentroOesteBR
135,2013.838216,CentroOesteBR,NorteBR
136,1998.3014460000002,SudesteBR,NordesteBR
137,2015.038336,SudesteBR,NorteBR
138,1983.3874460000002,SudesteBR,Bahia
139,2016.0382260000001,Bahia,SudesteBR
140,1993.4979360000002,SudesteBR,NordesteBR
141,2006.5876460000002,NordesteBR,SudesteBR
142,2017.038346,SudesteBR,NordesteBR
143,2016.0382260000001,SudesteBR,SulBR
144,2017.038326,SudesteBR,Europa
145,2014.038326,SudesteBR,Europa
146,2016.0382160000001,SudesteBR,SulBR
147,2015.038336,SudesteBR,Bahia
148,2006.038326,SudesteBR,Europa
149,1987.426656,SudesteBR,Bahia
150,2015.687656,SudesteBR,Bahia
151,2013.038336,SudesteBR,Europa
152,2017.038336,SudesteBR,NorteBR
153,2016.0382260000001,SudesteBR,CentroOesteBR
154,1988.9421960000002,SudesteBR,NorteBR
155,2015.038336,NorteBR,SudesteBR
156,2016.0382260000001,SudesteBR,Bahia
157,2017.038336,SudesteBR,NordesteBR
158,1987.575526,SudesteBR,CentroOesteBR
159,2017.038336,SudesteBR,NordesteBR
160,2016.038236,SudesteBR,SulBR
161,2006.038336,SudesteBR,SulBR
162,1995.2538060000002,SudesteBR,CentroOesteBR
163,2015.038346,SudesteBR,NorteBR
164,1995.539146,SudesteBR,CentroOesteBR
165,2007.038336,CentroOesteBR,Europa
166,1993.966026,SudesteBR,Europa
167,2017.038336,Europa,SudesteBR
168,2002.318416,Europa,SudesteBR
170,2008.0382260000001,SudesteBR,CentroOesteBR
171,2017.038346,SudesteBR,CentroOesteBR
172,2017.038346,SudesteBR,SulBR
173,2014.4297060000001,SudesteBR,CentroOesteBR
174,1972.0604460000002,SudesteBR,SulBR
175,1980.9776960000002,SulBR,SudesteBR
176,2017.038356,SudesteBR,NordesteBR
177,2016.038236,SulBR,SudesteBR
178,2017.038356,SulBR,NordesteBR
179,2017.038346,SulBR,SudesteBR
180,1991.6449360000001,SudesteBR,SulBR
181,2016.038236,SulBR,SudesteBR
182,2015.038336,SudesteBR,NordesteBR
183,2017.038336,SudesteBR,CentroOesteBR
184,2005.038336,SudesteBR,Europa
185,2017.038336,SudesteBR,NorteBR
186,2015.038336,SudesteBR,CentroOesteBR
187,1972.767996,SudesteBR,NordesteBR
188,2015.038346,NordesteBR,SudesteBR
189,2016.038236,NordesteBR,SudesteBR
190,2017.038346,NordesteBR,SudesteBR
191,1996.9832560000002,NordesteBR,SudesteBR
192,1972.1396860000002,SudesteBR,CentroOesteBR
193,2016.038236,CentroOesteBR,SudesteBR
194,2016.038236,CentroOesteBR,OtherLocations
195,2014.038346,CentroOesteBR,NorteBR
196,2016.038236,CentroOesteBR,SudesteBR
197,2015.038346,CentroOesteBR,SudesteBR
198,2005.038346,CentroOesteBR,Europa
199,2006.038346,CentroOesteBR,Europa
200,2005.038336,CentroOesteBR,Europa
201,2007.990426,CentroOesteBR,Europa
202,2017.038346,CentroOesteBR,Europa
203,2012.038236,CentroOesteBR,NordesteBR
204,2003.2116460000002,CentroOesteBR,Europa
205,2014.038356,Europa,CentroOesteBR
206,2007.7578460000002,Europa,Bahia
207,2015.038346,Bahia,SudesteBR
209,2016.038236,Europa,CentroOesteBR
213,2005.466586,CentroOesteBR,Europa
219,2015.038346,SudesteBR,OtherLocations
220,2017.038336,SudesteBR,CentroOesteBR
221,1989.567526,SudesteBR,SulBR
222,1995.0033760000001,SudesteBR,OtherLocations
223,1981.2065960000002,SudesteBR,NordesteBR
224,2014.038336,NordesteBR,NorteBR
225,2006.038336,NordesteBR,SudesteBR
226,2016.038236,NordesteBR,SudesteBR
227,2011.038346,SudesteBR,OtherLocations
228,2011.038346,SudesteBR,CentroOesteBR
229,2016.038236,SudesteBR,NordesteBR
230,2017.038346,SudesteBR,NordesteBR
231,2015.038346,SudesteBR,CentroOesteBR
232,1987.5523660000001,SudesteBR,NorteBR
233,2017.038356,SudesteBR,NordesteBR
234,1973.407946,SudesteBR,NordesteBR
235,2005.2802960000001,NordesteBR,Europa
236,2013.038346,NordesteBR,NorteBR
237,1998.038346,NordesteBR,SudesteBR
238,2010.789256,NordesteBR,SudesteBR
239,2016.038236,NordesteBR,SudesteBR
240,2015.038336,SudesteBR,NordesteBR
241,2001.2548760000002,SudesteBR,CentroOesteBR
242,2009.1003560000001,CentroOesteBR,SudesteBR
243,2015.038336,SudesteBR,NorteBR
244,2007.2212060000002,SudesteBR,OtherLocations
245,1996.830686,SudesteBR,Europa
246,2015.038346,SudesteBR,CentroOesteBR
247,2016.0382260000001,SudesteBR,CentroOesteBR
248,2001.038336,SudesteBR,SulBR
249,2015.038326,SudesteBR,NordesteBR
250,2016.0382160000001,SudesteBR,NorteBR
251,1993.4905860000001,SudesteBR,CentroOesteBR
252,2015.038326,SudesteBR,NordesteBR
253,2012.0382160000001,SudesteBR,SulBR
254,2017.038326,SudesteBR,NorteBR
255,1966.544086,SudesteBR,OtherLocations
256,1998.038346,OtherLocations,SulBR
257,2017.038336,OtherLocations,SudesteBR
258,1987.5259460000002,OtherLocations,CentroOesteBR
259,2015.038336,CentroOesteBR,SudesteBR
260,1981.3224160000002,OtherLocations,Bahia
261,2004.753506,Bahia,NordesteBR
262,2002.558416,OtherLocations,Bahia
264,2016.0382260000001,OtherLocations,SudesteBR
265,2000.272036,OtherLocations,NorteBR
266,1971.053856,OtherLocations,NorteBR
267,2006.6015260000001,NorteBR,OtherLocations
268,2014.038346,NorteBR,Europa
269,2017.038336,NorteBR,OtherLocations
270,2001.533556,NorteBR,SudesteBR
271,2002.519626,NorteBR,OtherLocations
272,2015.038336,OtherLocations,CentroOesteBR
273,2016.038236,NorteBR,NordesteBR
274,2007.9150160000002,NorteBR,SudesteBR
275,2015.038336,NorteBR,SudesteBR
276,1979.644506,NorteBR,Bahia
277,1998.038336,Bahia,SudesteBR
278,1998.038346,NorteBR,Europa
279,2015.038356,NorteBR,SudesteBR
280,2016.038236,NorteBR,NordesteBR
281,2003.038336,NorteBR,OtherLocations
282,2016.0382260000001,NorteBR,CentroOesteBR
283,2016.038236,NorteBR,SulBR
284,2002.537376,NorteBR,SudesteBR
285,1977.6408860000001,NorteBR,Bahia
286,2015.038336,Bahia,NordesteBR
287,1987.483496,Bahia,NordesteBR
288,2006.038336,NordesteBR,SudesteBR
289,2005.433526,NordesteBR,SudesteBR
290,2006.038346,NordesteBR,SudesteBR
291,2017.038346,NordesteBR,SudesteBR
292,2002.082916,NordesteBR,NorteBR
293,2015.038356,NorteBR,SudesteBR
294,1984.151986,Bahia,SudesteBR
295,2010.038336,SudesteBR,CentroOesteBR
296,1981.052216,Bahia,SudesteBR
297,2016.038236,SudesteBR,NordesteBR
298,2007.038336,Bahia,Europa
299,1985.944236,Bahia,SudesteBR
300,2017.038326,Bahia,SudesteBR
301,2011.866256,Bahia,SulBR
302,2017.038326,Bahia,SudesteBR
303,2017.038346,OtherLocations,SudesteBR
304,2003.038346,OtherLocations,SudesteBR
305,1998.038346,OtherLocations,SudesteBR
306,1995.3903460000001,OtherLocations,Europa
307,2016.038236,OtherLocations,SulBR
308,2004.038246,OtherLocations,Europa
309,2017.038346,OtherLocations,NorteBR
310,1986.0156860000002,OtherLocations,SudesteBR
311,1989.2422860000001,OtherLocations,SulBR
312,1974.984756,OtherLocations,SudesteBR
313,2005.038326,SudesteBR,SulBR
314,1995.879496,SudesteBR,NordesteBR
315,2004.774826,SudesteBR,NordesteBR
316,2011.038346,SudesteBR,OtherLocations
317,2016.0382260000001,SudesteBR,Bahia
318,2011.038326,SudesteBR,CentroOesteBR
319,2006.038356,OtherLocations,SudesteBR
320,1998.038356,OtherLocations,SudesteBR
321,2003.038356,OtherLocations,Europa
322,2003.038356,OtherLocations,Europa
323,2016.038246,OtherLocations,SulBR
324,2014.038356,OtherLocations,SudesteBR
325,1981.208016,OtherLocations,Europa
326,1974.839206,OtherLocations,SudesteBR
327,2012.038236,SudesteBR,Bahia
328,2017.038346,SudesteBR,SulBR
329,2017.038346,SudesteBR,CentroOesteBR
330,2016.038236,SudesteBR,Europa
331,2003.038356,SudesteBR,OtherLocations
332,2017.038346,SudesteBR,NordesteBR
333,2015.0383660000002,SudesteBR,NorteBR
334,2013.038346,SudesteBR,Europa
335,1990.3651960000002,OtherLocations,SulBR
336,2012.038236,SulBR,SudesteBR
337,1998.038346,OtherLocations,SulBR
338,2004.038236,OtherLocations,Europa
340,2017.038346,OtherLocations,SudesteBR
341,2017.038346,OtherLocations,NordesteBR
343,2014.038346,OtherLocations,SudesteBR
344,2017.038346,OtherLocations,SudesteBR
345,1996.3765760000001,OtherLocations,CentroOesteBR
346,2010.038346,OtherLocations,Europa
347,2007.038336,OtherLocations,Europa
348,2008.038236,OtherLocations,Europa
349,2012.038236,OtherLocations,SudesteBR
350,1981.1455660000001,OtherLocations,SudesteBR
352,1997.038336,OtherLocations,Europa
353,1986.0418160000002,OtherLocations,CentroOesteBR
354,2016.0382260000001,CentroOesteBR,NordesteBR
355,1999.9886060000001,CentroOesteBR,NorteBR
356,2017.038326,NorteBR,OtherLocations
357,2016.0382160000001,NorteBR,SudesteBR
358,1992.3812360000002,OtherLocations,Europa
359,2016.038236,Europa,OtherLocations
360,1972.911446,OtherLocations,SudesteBR
361,2017.038346,SudesteBR,NordesteBR
362,2007.038346,SudesteBR,OtherLocations
363,2017.038346,SudesteBR,NordesteBR
364,2010.038346,SudesteBR,OtherLocations
365,1982.456926,OtherLocations,Bahia
366,1998.038346,OtherLocations,Europa
367,1987.3902260000002,OtherLocations,Europa
369,2017.038346,Europa,SudesteBR
370,1975.223076,OtherLocations,Bahia
371,2014.038346,Bahia,SudesteBR
372,2017.038346,Bahia,SulBR
373,2016.038246,Bahia,SudesteBR
374,2007.038346,Bahia,CentroOesteBR
375,2014.038346,Bahia,SudesteBR
376,2013.038336,Bahia,Europa
377,2017.038336,OtherLocations,SudesteBR
378,1989.8388360000001,OtherLocations,SulBR
379,1976.555026,OtherLocations,SudesteBR
380,2000.0382260000001,SudesteBR,Europa
381,2015.038346,OtherLocations,NordesteBR
383,2001.038346,OtherLocations,SulBR
384,2015.038346,OtherLocations,SudesteBR
386,2007.038346,OtherLocations,Europa
387,1975.115726,OtherLocations,NordesteBR
388,1993.038346,OtherLocations,Europa
390,2017.038336,OtherLocations,SudesteBR
391,1978.0722360000002,OtherLocations,SudesteBR
392,2012.2969560000001,SudesteBR,CentroOesteBR
393,2016.0382260000001,CentroOesteBR,NorteBR
394,1993.038336,OtherLocations,Europa
395,2004.0382260000001,OtherLocations,Europa
396,2016.0382260000001,OtherLocations,SudesteBR
397,1977.1596060000002,OtherLocations,SudesteBR
398,2015.038326,SudesteBR,Bahia
399,1990.4206960000001,SudesteBR,Europa
400,2015.038346,Europa,SudesteBR
401,1977.8117060000002,SudesteBR,SulBR
402,2015.038336,SulBR,SudesteBR
403,1990.463056,SudesteBR,CentroOesteBR
404,1968.473506,SudesteBR,SulBR
405,2017.038346,SulBR,SudesteBR
406,2008.038236,SulBR,CentroOesteBR
407,2017.038346,SulBR,SudesteBR
408,2017.038356,SulBR,SudesteBR
409,2016.038246,SulBR,SudesteBR
410,1983.669446,SulBR,SudesteBR
411,2019.038346,SudesteBR,Europa
412,2011.038336,SudesteBR,OtherLocations
413,1974.591106,SudesteBR,SulBR
414,2000.038246,SulBR,OtherLocations
415,1998.038356,SulBR,SudesteBR
416,2016.038236,SudesteBR,CentroOesteBR
417,2000.434416,SudesteBR,SulBR
418,2009.038346,SudesteBR,CentroOesteBR
419,1985.477746,SudesteBR,NorteBR
420,2014.038346,NorteBR,OtherLocations
421,2017.038326,SudesteBR,NordesteBR
422,2017.038326,SudesteBR,Bahia
423,2015.038326,SudesteBR,CentroOesteBR
424,2016.038236,SudesteBR,CentroOesteBR
425,1994.180626,SudesteBR,OtherLocations
426,2015.038346,SudesteBR,CentroOesteBR
427,2015.038346,SudesteBR,NordesteBR
428,2010.038346,SudesteBR,Europa
429,2014.038346,SudesteBR,NordesteBR
430,1972.1038660000002,SudesteBR,CentroOesteBR
431,2014.038336,CentroOesteBR,Europa
432,2009.038336,CentroOesteBR,Europa
433,2014.038336,CentroOesteBR,NorteBR
434,1977.730606,CentroOesteBR,NorteBR
435,2015.038336,NorteBR,SudesteBR
436,2016.038236,NorteBR,SudesteBR
437,2015.038346,NorteBR,SudesteBR
438,1987.840586,NorteBR,CentroOesteBR
439,2017.038326,SudesteBR,NorteBR
440,1989.749706,SudesteBR,CentroOesteBR
441,2004.9652660000002,SudesteBR,NordesteBR
442,2016.0382260000001,NordesteBR,SulBR
443,2017.038336,SudesteBR,NordesteBR
444,1983.9884060000002,SudesteBR,SulBR
445,2001.038336,SudesteBR,OtherLocations
446,2017.038336,SudesteBR,SulBR
447,1990.0080560000001,SudesteBR,Europa
448,1975.0789060000002,SudesteBR,SulBR
449,1980.7227160000002,SudesteBR,NordesteBR
450,1993.232616,SudesteBR,NordesteBR
451,2015.038326,SudesteBR,Bahia
452,2015.038326,SudesteBR,SulBR
453,2008.0382260000001,SudesteBR,CentroOesteBR
454,2014.038336,SudesteBR,NorteBR
455,1997.038336,SudesteBR,Europa
456,2016.038236,SudesteBR,Bahia
457,2007.038336,SudesteBR,SulBR
458,2016.0382260000001,SudesteBR,NorteBR
459,2015.038336,SudesteBR,SulBR
460,1990.134266,SudesteBR,Europa
461,2015.038336,Europa,SudesteBR
462,1994.2581460000001,Europa,SudesteBR
463,2011.0383160000001,SudesteBR,OtherLocations
464,2017.038336,SudesteBR,NorteBR
465,2017.038346,SudesteBR,NorteBR
466,2016.038236,SudesteBR,NordesteBR
467,2002.777466,SudesteBR,SulBR
468,2015.038346,SudesteBR,CentroOesteBR
469,2015.038346,SudesteBR,NordesteBR
470,2016.038236,SudesteBR,NordesteBR
471,2016.0382260000001,SudesteBR,NordesteBR
472,2015.038346,SudesteBR,NordesteBR
473,2016.038236,SudesteBR,SulBR
474,2016.038236,SudesteBR,Bahia
475,2017.038346,SudesteBR,Bahia
476,2017.038336,SudesteBR,NordesteBR
477,2016.038236,SudesteBR,SulBR
478,2016.0382260000001,SudesteBR,NordesteBR
479,1981.7129260000002,SudesteBR,SulBR
480,2005.038346,SudesteBR,SulBR
481,2017.038346,SudesteBR,NordesteBR
482,2016.038236,SudesteBR,CentroOesteBR
483,2017.038346,SudesteBR,CentroOesteBR
484,1982.3827760000001,SudesteBR,CentroOesteBR
485,2015.038336,CentroOesteBR,SudesteBR
486,2013.038346,SudesteBR,Europa
487,2016.038246,SudesteBR,NordesteBR
488,2017.038346,SudesteBR,NordesteBR
489,1989.7452660000001,SudesteBR,NordesteBR
490,2015.038346,SudesteBR,Bahia
491,2004.038236,SudesteBR,Europa
492,2016.0382260000001,SudesteBR,SulBR
493,2012.0382160000001,SudesteBR,Bahia
494,2009.749726,SudesteBR,SulBR
495,2014.038336,SudesteBR,Bahia
496,2016.038236,SudesteBR,Bahia
497,2016.038236,SudesteBR,Bahia
498,2008.038236,SudesteBR,NorteBR
499,2007.038336,SudesteBR,Bahia
500,1983.6873260000002,SudesteBR,NordesteBR
501,1990.9149960000002,NordesteBR,SudesteBR
502,2016.038246,SudesteBR,NorteBR
503,2016.038246,SudesteBR,Bahia
504,2017.038356,SudesteBR,CentroOesteBR
505,2005.038336,SudesteBR,OtherLocations
506,1984.947566,SudesteBR,OtherLocations
507,2017.038346,SudesteBR,NordesteBR
508,2009.038346,SudesteBR,OtherLocations
509,2003.038346,SudesteBR,CentroOesteBR
510,1991.2990360000001,SudesteBR,Bahia
511,2017.038346,SudesteBR,SulBR
512,2015.038336,SudesteBR,OtherLocations
513,1988.033206,SudesteBR,CentroOesteBR
514,2016.038236,SudesteBR,NordesteBR
515,2011.038346,SudesteBR,CentroOesteBR
516,2016.038236,SudesteBR,NordesteBR
517,1992.6761060000001,SudesteBR,CentroOesteBR
518,2017.038346,CentroOesteBR,SudesteBR
519,2014.038336,CentroOesteBR,SudesteBR
520,2009.038326,SudesteBR,OtherLocations
521,2016.038236,SudesteBR,SulBR
522,2015.038346,SudesteBR,SulBR
523,2017.038346,SudesteBR,NordesteBR
524,2016.038236,SudesteBR,SulBR
525,2009.038346,SudesteBR,CentroOesteBR
526,2015.038346,SudesteBR,Bahia
527,2015.038346,SudesteBR,NordesteBR
528,1979.849766,SudesteBR,NordesteBR
529,2017.038356,SudesteBR,CentroOesteBR
530,2012.6054060000001,SudesteBR,Europa
531,1979.5850260000002,SudesteBR,NorteBR
532,2015.038346,NorteBR,NordesteBR
533,2017.038346,NorteBR,NordesteBR
534,2016.038236,NorteBR,CentroOesteBR
535,2017.038346,NorteBR,SulBR
536,2005.8840260000002,NorteBR,SulBR
537,2012.038246,NorteBR,OtherLocations
538,1997.949186,NorteBR,OtherLocations
539,2014.038356,OtherLocations,NorteBR
540,2014.038346,SudesteBR,NordesteBR
541,2017.038346,SudesteBR,NordesteBR
542,2015.038336,SudesteBR,SulBR
543,2016.038236,SudesteBR,NorteBR
544,2003.038346,SudesteBR,Europa
545,2013.038346,SudesteBR,SulBR
546,2017.038346,SudesteBR,NorteBR
547,1978.1423260000001,SudesteBR,NordesteBR
548,2006.038336,SudesteBR,SulBR
549,2016.0382260000001,SudesteBR,SulBR
550,2017.038336,SudesteBR,NordesteBR
551,1984.5407460000001,SudesteBR,SulBR
552,1997.435206,SudesteBR,CentroOesteBR
553,2017.038336,SudesteBR,CentroOesteBR
554,2016.038236,SudesteBR,NordesteBR
555,2017.038346,SudesteBR,NordesteBR
556,2016.038236,SudesteBR,NorteBR
557,1970.441816,SudesteBR,NordesteBR
558,2017.038356,NordesteBR,SudesteBR
559,1993.9904660000002,NordesteBR,SudesteBR
560,2011.317336,SudesteBR,NorteBR
561,2014.038346,NordesteBR,SudesteBR
562,2016.038246,NordesteBR,NorteBR
563,2017.038346,NordesteBR,OtherLocations
564,2014.038356,NordesteBR,SudesteBR
565,2017.038356,NordesteBR,CentroOesteBR
566,2016.038246,NordesteBR,SudesteBR
567,2014.038356,NordesteBR,SudesteBR
568,2017.038336,SudesteBR,SulBR
569,2017.038346,SudesteBR,SulBR
570,2004.038246,SudesteBR,SulBR
571,1984.9516660000002,SudesteBR,NordesteBR
572,2015.038346,SudesteBR,CentroOesteBR
573,2012.5000060000002,SudesteBR,OtherLocations
574,2017.038346,SudesteBR,NordesteBR
575,2017.038356,SudesteBR,SulBR
576,2016.038236,SudesteBR,CentroOesteBR
577,1999.708726,SudesteBR,NorteBR
578,2017.038346,SudesteBR,CentroOesteBR
579,2005.038346,SudesteBR,SulBR
580,2017.038346,SudesteBR,SulBR
581,2010.3288860000002,SudesteBR,NorteBR
582,2016.038236,NorteBR,CentroOesteBR
583,1983.848596,SudesteBR,CentroOesteBR
584,2016.038236,CentroOesteBR,NorteBR
585,1990.532656,CentroOesteBR,SudesteBR
586,2013.0108260000002,CentroOesteBR,Bahia
587,2017.038346,SudesteBR,CentroOesteBR
588,2007.2999060000002,SudesteBR,CentroOesteBR
589,2016.0382260000001,SudesteBR,SulBR
590,2017.038346,SudesteBR,NordesteBR
591,1990.6458960000002,SudesteBR,SulBR
592,2014.038346,SulBR,SudesteBR
593,2015.038346,SudesteBR,CentroOesteBR
594,2017.038346,SudesteBR,NordesteBR
595,1964.0784460000002,SudesteBR,SulBR
596,2012.038236,SulBR,OtherLocations
597,2017.038346,SulBR,Europa
598,2017.038346,SulBR,SudesteBR
599,1997.038346,SulBR,Europa
600,1999.038336,SulBR,SudesteBR
601,1982.929476,SulBR,NorteBR
602,2006.038346,NorteBR,SulBR
603,2017.038346,NorteBR,SulBR
604,2018.038346,NorteBR,CentroOesteBR
605,2017.038346,NorteBR,SudesteBR
606,2015.038336,SulBR,SudesteBR
607,2007.038346,SulBR,SudesteBR
608,2016.0382260000001,SudesteBR,NordesteBR
609,1998.038336,SudesteBR,Europa
610,2008.0382160000001,SudesteBR,NorteBR
611,2016.0382160000001,SudesteBR,NordesteBR
612,2013.038336,SudesteBR,CentroOesteBR
613,2017.038346,SudesteBR,CentroOesteBR
614,2017.038346,SudesteBR,CentroOesteBR
615,2016.038246,SudesteBR,CentroOesteBR
616,2005.038356,SudesteBR,SulBR
617,1984.143076,SudesteBR,NordesteBR
618,2016.038236,NordesteBR,SudesteBR
619,2015.038336,SudesteBR,CentroOesteBR
620,2010.9162660000002,SudesteBR,NorteBR
621,2016.0382260000001,SudesteBR,Bahia
622,2004.038236,SudesteBR,Europa
623,2016.038246,SudesteBR,OtherLocations
624,2011.038356,SudesteBR,Europa
625,2018.038346,SudesteBR,NorteBR
626,2017.038356,SudesteBR,Bahia
627,2015.038356,SudesteBR,CentroOesteBR
628,2016.038246,SudesteBR,Bahia
629,2017.0383660000002,SudesteBR,CentroOesteBR
630,1998.483786,SudesteBR,NorteBR
631,2015.0383660000002,SudesteBR,CentroOesteBR
632,2005.038356,SudesteBR,Europa
633,2010.0383660000002,SudesteBR,OtherLocations
634,2018.0383660000002,SudesteBR,NorteBR
635,1991.0284060000001,SudesteBR,SulBR
636,2016.038236,SudesteBR,NordesteBR
637,2012.038256,SudesteBR,SulBR
638,1987.311386,SudesteBR,OtherLocations
639,2006.038346,SudesteBR,Bahia
640,2016.038236,SudesteBR,NordesteBR
641,2011.038346,SudesteBR,CentroOesteBR
642,2016.038246,SudesteBR,NordesteBR
643,2017.038346,SudesteBR,SulBR
644,2015.038346,SudesteBR,CentroOesteBR
645,2016.038236,SudesteBR,NordesteBR
646,2017.038346,SudesteBR,NordesteBR
647,2000.038236,SudesteBR,Europa
648,1978.956116,SudesteBR,NordesteBR
649,2014.038336,SudesteBR,CentroOesteBR
650,2017.038336,SudesteBR,SulBR
651,2017.038336,SudesteBR,CentroOesteBR
652,2016.0382260000001,SudesteBR,NordesteBR
653,2017.038336,SudesteBR,NordesteBR
654,2003.038336,SudesteBR,OtherLocations
655,2004.038236,SudesteBR,Europa
656,2016.038236,SudesteBR,NorteBR
657,2005.038356,SudesteBR,OtherLocations
658,2015.038356,SudesteBR,SulBR
659,2005.038346,SudesteBR,SulBR
660,2004.038246,SudesteBR,SulBR
661,2014.038336,SudesteBR,NordesteBR
662,2014.038336,NordesteBR,Bahia
663,2016.0382260000001,SudesteBR,NordesteBR
664,2005.038336,SudesteBR,SulBR
665,2016.038236,SudesteBR,NordesteBR
666,2012.038236,SudesteBR,OtherLocations
667,2003.038346,SudesteBR,Europa
668,2003.038336,SudesteBR,Europa
669,2016.0382260000001,SudesteBR,NorteBR
670,2014.038326,SudesteBR,Europa
671,2017.038336,SudesteBR,NordesteBR
672,2015.038336,SudesteBR,NordesteBR
673,2016.0382260000001,SudesteBR,SulBR
674,2005.038346,SudesteBR,OtherLocations
675,2017.038346,SudesteBR,NordesteBR
676,2016.038236,SudesteBR,SulBR
677,2015.038346,SudesteBR,Bahia
678,2016.038236,SudesteBR,NordesteBR
679,2017.038346,SudesteBR,NordesteBR
680,2003.038336,SudesteBR,Europa
681,2016.0382260000001,SudesteBR,SulBR
682,2005.038336,SudesteBR,SulBR
683,2015.038336,SudesteBR,NordesteBR
684,2016.038236,SudesteBR,NordesteBR
685,2014.038346,SudesteBR,NorteBR
686,2017.038336,SudesteBR,NorteBR
687,2016.0382260000001,SudesteBR,Bahia
688,2003.038346,SudesteBR,Europa
689,2003.038326,SudesteBR,Europa
690,1975.9623660000002,SudesteBR,Europa
691,2006.038346,SudesteBR,SulBR
692,2003.038336,SudesteBR,Europa
693,2003.038346,SudesteBR,Europa
694,2006.038346,SudesteBR,Europa
695,2017.038346,SudesteBR,NordesteBR
696,2015.038336,SudesteBR,NordesteBR
697,2015.038346,SudesteBR,NorteBR
698,2007.038346,SudesteBR,OtherLocations
699,2015.038346,SudesteBR,NordesteBR
700,2017.038346,SudesteBR,SulBR
701,2017.038336,SudesteBR,NorteBR
702,2015.038336,SudesteBR,SulBR
703,2015.038346,SudesteBR,NordesteBR
704,2003.038346,SudesteBR,Europa
705,2014.038346,SudesteBR,NordesteBR
706,2017.038346,SudesteBR,NordesteBR
707,2002.2278660000002,SudesteBR,Europa
708,2016.038236,SudesteBR,NorteBR
709,2016.038246,SudesteBR,Bahia
710,2017.038356,SudesteBR,SulBR
711,2015.038356,SudesteBR,SulBR
712,1984.508716,SudesteBR,SulBR
713,1998.3322360000002,SulBR,OtherLocations
714,1998.109476,SudesteBR,NordesteBR
715,2014.038336,NordesteBR,SudesteBR
716,2014.038346,SudesteBR,CentroOesteBR
717,1981.104076,SudesteBR,SulBR
718,1993.7222660000002,SudesteBR,NordesteBR
719,2014.038336,SudesteBR,NordesteBR
720,2017.038346,SudesteBR,CentroOesteBR
721,2013.038346,SudesteBR,Europa
722,2002.038356,SudesteBR,SulBR
723,2016.038246,SudesteBR,NorteBR
724,1971.2479660000001,SudesteBR,OtherLocations
725,2006.038356,OtherLocations,Europa
726,2006.038356,OtherLocations,SudesteBR
727,1980.3950160000002,OtherLocations,NordesteBR
728,1974.2734360000002,SudesteBR,OtherLocations
729,1982.4824460000002,OtherLocations,CentroOesteBR
730,2003.038356,SudesteBR,CentroOesteBR
731,2000.038256,SudesteBR,Europa
732,2017.038356,SudesteBR,NorteBR
733,1985.158916,SudesteBR,NorteBR
734,1980.9395760000002,SudesteBR,NorteBR
735,2002.038356,NorteBR,SudesteBR
736,2011.0383660000002,NorteBR,CentroOesteBR
737,1989.862096,SudesteBR,CentroOesteBR
738,2016.038246,SudesteBR,Bahia
739,2016.038246,SudesteBR,CentroOesteBR
740,2016.038246,SudesteBR,SulBR
741,2009.038356,SudesteBR,NordesteBR
742,1977.5680160000002,SudesteBR,Bahia
743,2017.038356,Bahia,NordesteBR
744,2017.0383660000002,Bahia,NordesteBR
745,2006.259906,SudesteBR,Europa
746,2005.097226,SudesteBR,Europa
747,2017.038346,SudesteBR,CentroOesteBR
748,2016.038236,SudesteBR,SulBR
749,1988.7724660000001,SudesteBR,Bahia
750,2004.2790160000002,SudesteBR,Bahia
751,1964.268796,SudesteBR,NordesteBR
752,2017.038356,NordesteBR,SudesteBR
753,2016.038246,NordesteBR,Bahia
754,2016.038236,NordesteBR,SudesteBR
755,2006.038346,NordesteBR,Bahia
756,2007.038356,NordesteBR,SudesteBR
757,2014.891016,NordesteBR,SudesteBR
758,2015.038356,NordesteBR,Bahia
759,2005.038356,NordesteBR,Europa
760,2006.038356,NordesteBR,SudesteBR
761,2015.038356,NordesteBR,Bahia
762,2016.038256,NordesteBR,SudesteBR
763,2010.038356,NordesteBR,Europa
764,2016.038256,NordesteBR,Bahia
765,2016.038246,NordesteBR,SudesteBR
766,2017.038356,NordesteBR,CentroOesteBR
767,1969.5836760000002,NordesteBR,SudesteBR
768,2015.038356,SudesteBR,SulBR
769,2017.038346,NordesteBR,Bahia
770,2016.038236,NordesteBR,SudesteBR
771,2006.038346,NordesteBR,SudesteBR
772,2014.0383660000002,NordesteBR,SudesteBR
773,1971.999166,NordesteBR,SudesteBR
774,2017.038356,SudesteBR,SulBR
775,2016.038246,NordesteBR,SudesteBR
776,1978.083546,NordesteBR,CentroOesteBR
777,2017.038346,CentroOesteBR,SudesteBR
778,1979.656386,NordesteBR,SudesteBR
779,1998.146596,NordesteBR,SudesteBR
780,2016.038246,SudesteBR,CentroOesteBR
781,2014.038356,NordesteBR,SudesteBR
782,1998.0438760000002,NordesteBR,CentroOesteBR
783,2015.038346,NordesteBR,Bahia
784,2015.038346,NordesteBR,SudesteBR
785,2015.038346,NordesteBR,Bahia
786,2017.038346,NordesteBR,CentroOesteBR
787,2015.038356,NordesteBR,SudesteBR
788,2016.038246,NordesteBR,SudesteBR
789,2015.038346,NordesteBR,SulBR
790,2015.038346,NordesteBR,SudesteBR
791,2014.038346,NordesteBR,Bahia
792,1991.2429060000002,NordesteBR,SudesteBR
793,2017.038346,SudesteBR,NorteBR
794,2017.038346,NordesteBR,SudesteBR
795,1985.1741060000002,NordesteBR,SudesteBR
796,2004.038236,SudesteBR,Europa
797,1967.6994960000002,NordesteBR,SudesteBR
798,2017.038356,SudesteBR,Bahia
799,2004.038246,SudesteBR,OtherLocations
800,2019.038356,SudesteBR,Europa
801,2009.038356,NordesteBR,CentroOesteBR
802,2015.038356,NordesteBR,SulBR
803,2017.038356,NordesteBR,SudesteBR
804,2017.038356,NordesteBR,CentroOesteBR
805,1999.038356,NordesteBR,SudesteBR
806,1981.9212360000001,NordesteBR,Bahia
807,2017.038356,Bahia,NordesteBR
808,2017.038356,NordesteBR,SudesteBR
809,2016.038246,NordesteBR,SulBR
810,2008.038246,NordesteBR,OtherLocations
811,1986.3552760000002,NordesteBR,SudesteBR
812,2008.007536,NordesteBR,OtherLocations
813,2015.038356,NordesteBR,SudesteBR
814,2016.038246,NordesteBR,SudesteBR
815,2015.038356,NordesteBR,SudesteBR
816,2015.0383760000002,NordesteBR,SudesteBR
817,2016.038246,NordesteBR,SudesteBR
818,2016.038246,NordesteBR,NorteBR
819,2015.038346,NordesteBR,SudesteBR
820,1998.9534560000002,NordesteBR,SudesteBR
821,2015.038356,NordesteBR,Bahia
822,2016.038246,NordesteBR,Bahia
823,1993.6172760000002,NordesteBR,SudesteBR
824,2011.2057260000001,NordesteBR,Bahia
825,2015.038346,NordesteBR,SudesteBR
826,2017.038346,NordesteBR,SudesteBR
827,2015.038356,NordesteBR,Bahia
828,1981.247376,NordesteBR,Bahia
829,2017.038346,Bahia,SudesteBR
830,2014.038346,Bahia,NorteBR
831,2016.038236,Bahia,SulBR
832,2016.038236,Bahia,NordesteBR
833,2017.038356,NordesteBR,Bahia
834,2016.038246,NordesteBR,SudesteBR
835,1998.038356,NordesteBR,SudesteBR
836,2017.038356,NordesteBR,SudesteBR
837,1982.4551660000002,NordesteBR,Bahia
838,2016.038246,NordesteBR,SudesteBR
839,1995.5857560000002,NordesteBR,Europa
840,2002.504676,Europa,SulBR
842,2003.1295160000002,Europa,OtherLocations
843,2013.038366,OtherLocations,Europa
844,2017.038366,OtherLocations,SudesteBR
845,1978.785476,NordesteBR,Bahia
846,2015.038356,NordesteBR,SudesteBR
847,2017.038356,NordesteBR,CentroOesteBR
848,2013.038356,NordesteBR,NorteBR
849,2009.038356,NordesteBR,CentroOesteBR
850,2017.038356,NordesteBR,SudesteBR
851,1979.6187260000002,NordesteBR,CentroOesteBR
852,1995.0123660000002,CentroOesteBR,Europa
853,2016.038246,NordesteBR,SudesteBR
854,1976.1972560000002,NordesteBR,SudesteBR
855,1969.001326,NordesteBR,SulBR
856,1992.595346,SulBR,Europa
857,2000.8333160000002,Europa,SudesteBR
858,2007.038356,SulBR,Europa
859,2017.038346,SulBR,SudesteBR
860,2016.038246,SulBR,SudesteBR
861,2017.038336,SulBR,NordesteBR
862,2016.038236,SulBR,NorteBR
863,2017.038346,SulBR,NorteBR
864,2009.038346,SulBR,CentroOesteBR
865,2015.038346,SulBR,SudesteBR
866,2016.038236,SulBR,SudesteBR
867,1981.6526660000002,SulBR,NordesteBR
868,2017.038336,NordesteBR,Bahia
869,2017.038346,NordesteBR,SudesteBR
870,2016.038236,NordesteBR,Bahia
871,2016.038236,SulBR,SudesteBR
872,2017.038346,SulBR,SudesteBR
873,2006.2764260000001,SulBR,Europa
874,1984.423046,SulBR,CentroOesteBR
875,2004.449076,CentroOesteBR,SudesteBR
876,2004.038236,SulBR,SudesteBR
877,1973.8034060000002,SulBR,SudesteBR
878,2015.038336,SudesteBR,SulBR
879,2016.0382260000001,SudesteBR,NordesteBR
880,2016.038246,SudesteBR,CentroOesteBR
881,2015.038346,SulBR,SudesteBR
882,2017.038346,SulBR,NorteBR
883,2017.038346,SulBR,NordesteBR
884,2016.038236,SulBR,SudesteBR
885,2009.038346,SulBR,Europa
886,2015.038346,SulBR,NorteBR
887,2017.038346,SulBR,SudesteBR
888,1981.640986,SulBR,NordesteBR
889,2016.038236,NordesteBR,SudesteBR
890,2017.038336,NordesteBR,SudesteBR
891,2014.038356,NordesteBR,SudesteBR
892,2016.038256,NordesteBR,SudesteBR
893,1986.6890360000002,NordesteBR,SulBR
894,2002.0383660000002,NordesteBR,SudesteBR
895,1995.3869960000002,NordesteBR,SudesteBR
896,2016.038256,SudesteBR,SulBR
897,2017.038356,NordesteBR,SudesteBR
898,2015.038356,NordesteBR,SudesteBR
899,1988.6947460000001,NordesteBR,CentroOesteBR
900,2010.038356,CentroOesteBR,Europa
901,2017.038346,NordesteBR,SudesteBR
902,1978.9980460000002,NordesteBR,SudesteBR
903,1976.358426,NordesteBR,SudesteBR
904,2007.038346,NordesteBR,SudesteBR
905,2002.0927060000001,NordesteBR,NorteBR
906,2017.038336,NordesteBR,SudesteBR
907,1975.3944760000002,NordesteBR,SudesteBR
908,2017.038346,NordesteBR,SudesteBR
909,2016.038236,NordesteBR,SudesteBR
910,2014.038336,NordesteBR,SudesteBR
911,2016.038236,NordesteBR,CentroOesteBR
912,2003.2938060000001,NordesteBR,SudesteBR
913,2015.038346,SudesteBR,NordesteBR
914,1989.8257760000001,NordesteBR,SudesteBR
915,2014.038326,NordesteBR,SudesteBR
916,2014.4077060000002,NordesteBR,SudesteBR
917,1989.3643860000002,NordesteBR,SudesteBR
918,2012.038236,SudesteBR,SulBR
919,2015.038336,NordesteBR,SudesteBR
920,2017.038346,NordesteBR,SudesteBR
921,2001.583716,NordesteBR,SudesteBR
922,2014.038346,NordesteBR,SudesteBR
923,2014.038346,NordesteBR,SudesteBR
924,2016.038246,NordesteBR,SulBR
925,2004.5568660000001,NordesteBR,SudesteBR
